{
 "/system/notifications": [
  [
   1375864491.606925, 
   "System Initialized at Wednesday, August 07, 2013 at  1:34:51 AM"
  ]
 ], 
 "/system/perf/FPS": [
  [
   1375864500.198861, 
   23.56
  ], 
  [
   1375864560.233164, 
   23.8
  ], 
  [
   1375864620.279177, 
   23.78
  ], 
  [
   1375864680.234036, 
   23.89
  ], 
  [
   1375864740.041115, 
   23.9
  ], 
  [
   1375864800.79704, 
   23.79
  ], 
  [
   1375864860.705648, 
   23.71
  ], 
  [
   1375864920.659508, 
   23.91
  ], 
  [
   1375864980.534242, 
   23.88
  ], 
  [
   1375865040.540375, 
   23.51
  ], 
  [
   1375865100.508776, 
   23.86
  ], 
  [
   1375865160.607842, 
   23.88
  ], 
  [
   1375865220.663974, 
   23.58
  ], 
  [
   1375865280.630551, 
   23.9
  ], 
  [
   1375865340.684425, 
   23.75
  ], 
  [
   1375865400.617492, 
   23.9
  ], 
  [
   1375865460.432067, 
   23.83
  ]
 ], 
 "/system/startup": [
  [
   1375864491.606875, 
   "System Initialized"
  ]
 ]
}