{
 "/system/notifications": [
  [
   1375690876.592092, 
   "System Initialized at Monday, August 05, 2013 at  1:21:16 AM"
  ]
 ], 
 "/system/perf/FPS": [
  [
   1375690920.715181, 
   23.82
  ], 
  [
   1375690980.633575, 
   23.9
  ], 
  [
   1375691040.675956, 
   23.87
  ], 
  [
   1375691100.78329, 
   23.83
  ], 
  [
   1375691160.582599, 
   23.9
  ], 
  [
   1375691220.433698, 
   23.9
  ], 
  [
   1375691280.274347, 
   23.89
  ], 
  [
   1375691340.186907, 
   23.86
  ], 
  [
   1375691400.082736, 
   23.91
  ], 
  [
   1375691460.732582, 
   23.88
  ], 
  [
   1375691520.72373, 
   23.57
  ], 
  [
   1375691580.770048, 
   23.88
  ], 
  [
   1375691640.658099, 
   23.83
  ], 
  [
   1375691700.45608, 
   23.89
  ], 
  [
   1375691760.291517, 
   23.9
  ], 
  [
   1375691820.104883, 
   23.9
  ], 
  [
   1375691880.748598, 
   23.9
  ], 
  [
   1375691940.560385, 
   23.91
  ], 
  [
   1375692000.337487, 
   23.91
  ], 
  [
   1375692060.407011, 
   23.85
  ], 
  [
   1375692120.588052, 
   23.81
  ], 
  [
   1375692180.407046, 
   23.89
  ], 
  [
   1375692240.178493, 
   23.91
  ], 
  [
   1375692300.841317, 
   23.87
  ], 
  [
   1375692360.626705, 
   23.88
  ], 
  [
   1375692420.579999, 
   23.75
  ], 
  [
   1375692480.567975, 
   23.74
  ], 
  [
   1375692540.778885, 
   23.73
  ], 
  [
   1375692600.602113, 
   23.89
  ], 
  [
   1375692660.410938, 
   23.88
  ], 
  [
   1375692720.237237, 
   23.89
  ], 
  [
   1375692780.050807, 
   23.89
  ], 
  [
   1375692840.743167, 
   23.89
  ], 
  [
   1375692900.552932, 
   23.89
  ], 
  [
   1375692960.374965, 
   23.85
  ], 
  [
   1375693020.187051, 
   23.88
  ], 
  [
   1375693080.876529, 
   23.89
  ], 
  [
   1375693140.685632, 
   23.89
  ], 
  [
   1375693200.491483, 
   23.89
  ], 
  [
   1375693260.303665, 
   23.88
  ], 
  [
   1375693320.108089, 
   23.89
  ], 
  [
   1375693380.795942, 
   23.9
  ], 
  [
   1375693440.061239, 
   23.67
  ], 
  [
   1375693500.025479, 
   23.88
  ], 
  [
   1375693560.404113, 
   23.87
  ], 
  [
   1375693620.324133, 
   23.86
  ], 
  [
   1375693680.093118, 
   23.9
  ], 
  [
   1375693740.777174, 
   23.9
  ], 
  [
   1375693800.632453, 
   23.85
  ], 
  [
   1375693860.115798, 
   23.67
  ], 
  [
   1375693920.117227, 
   23.92
  ]
 ], 
 "/system/startup": [
  [
   1375690876.59203, 
   "System Initialized"
  ]
 ]
}