{
 "/system/notifications": [
  [
   1375693990.883591, 
   "System Initialized at Monday, August 05, 2013 at  2:13:10 AM"
  ]
 ], 
 "/system/startup": [
  [
   1375693990.883272, 
   "System Initialized"
  ]
 ]
}