{
 "/system/notifications": [
  [
   1375693960.952362, 
   "System Initialized at Monday, August 05, 2013 at  2:12:40 AM"
  ]
 ], 
 "/system/startup": [
  [
   1375693960.951866, 
   "System Initialized"
  ]
 ]
}