{
 "/system/perf/FPS": [
  [
   1384523280.006993, 
   23.77
  ]
 ], 
 "/system/perf/memuse": [
  [
   1384523280.007078, 
   0.67
  ]
 ], 
 "/system/perf/requestsperminute": [
  [
   1384523280.00704, 
   50
  ]
 ]
}