{
 "/system/notifications": [
  [
   1398327529.41596, 
   "System Initialized"
  ]
 ], 
 "/system/perf/FPS": [
  [
   1398327540.738395, 
   23.78
  ], 
  [
   1398327600.593035, 
   23.84
  ]
 ], 
 "/system/perf/memuse": [
  [
   1398327540.75118, 
   0.623
  ], 
  [
   1398327600.593224, 
   0.626
  ]
 ], 
 "/system/perf/requestsperminute": [
  [
   1398327540.738657, 
   12
  ], 
  [
   1398327600.593137, 
   12
  ]
 ]
}