{
 "/system/notifications": [
  [
   1398326457.716817, 
   "Global server state was saved to disk"
  ]
 ], 
 "/system/perf/FPS": [
  [
   1398326460.04192, 
   23.87
  ], 
  [
   1398326520.765885, 
   23.83
  ]
 ], 
 "/system/perf/memuse": [
  [
   1398326460.053307, 
   0.615
  ], 
  [
   1398326520.767206, 
   0.615
  ]
 ], 
 "/system/perf/requestsperminute": [
  [
   1398326460.042541, 
   17
  ], 
  [
   1398326520.765996, 
   0
  ]
 ]
}