{
 "/system/notifications": [
  [
   1398408647.431598, 
   "System Initialized"
  ]
 ], 
 "/system/perf/FPS": [
  [
   1398408660.438802, 
   23.84
  ], 
  [
   1398408720.281409, 
   23.88
  ], 
  [
   1398408780.128413, 
   23.87
  ], 
  [
   1398408840.841251, 
   23.88
  ], 
  [
   1398408900.695778, 
   23.86
  ], 
  [
   1398408960.539792, 
   23.88
  ], 
  [
   1398409020.380279, 
   23.88
  ], 
  [
   1398409080.213994, 
   23.86
  ], 
  [
   1398409140.071104, 
   23.87
  ], 
  [
   1398409200.800833, 
   23.86
  ], 
  [
   1398409260.643166, 
   23.87
  ]
 ], 
 "/system/perf/memuse": [
  [
   1398408660.456411, 
   0.682
  ], 
  [
   1398408720.28196, 
   0.689
  ], 
  [
   1398408780.129636, 
   0.691
  ], 
  [
   1398408840.842369, 
   0.691
  ], 
  [
   1398408900.697051, 
   0.696
  ], 
  [
   1398408960.541109, 
   0.694
  ], 
  [
   1398409020.380832, 
   0.696
  ], 
  [
   1398409080.215026, 
   0.695
  ], 
  [
   1398409140.071752, 
   0.697
  ], 
  [
   1398409200.802016, 
   0.697
  ], 
  [
   1398409260.644139, 
   0.699
  ]
 ], 
 "/system/perf/requestsperminute": [
  [
   1398408660.438927, 
   6
  ], 
  [
   1398408720.281489, 
   6
  ], 
  [
   1398408780.128705, 
   0
  ], 
  [
   1398408840.841358, 
   6
  ], 
  [
   1398408900.695908, 
   14
  ], 
  [
   1398408960.539957, 
   3
  ], 
  [
   1398409020.380328, 
   0
  ], 
  [
   1398409080.214228, 
   0
  ], 
  [
   1398409140.071152, 
   0
  ], 
  [
   1398409200.801037, 
   2
  ], 
  [
   1398409260.643279, 
   0
  ]
 ]
}