{
 "/system/notifications": [
  [
   1398327744.156977, 
   "System Initialized"
  ]
 ], 
 "/system/perf/FPS": [
  [
   1398327780.18008, 
   23.85
  ], 
  [
   1398327840.046313, 
   23.86
  ], 
  [
   1398327900.759862, 
   23.88
  ], 
  [
   1398327960.5976, 
   23.87
  ], 
  [
   1398328020.461676, 
   23.87
  ]
 ], 
 "/system/perf/memuse": [
  [
   1398327780.19091, 
   0.684
  ], 
  [
   1398327840.047754, 
   0.691
  ], 
  [
   1398327900.761124, 
   0.679
  ], 
  [
   1398327960.598192, 
   0.737
  ], 
  [
   1398328020.461897, 
   0.744
  ]
 ], 
 "/system/perf/requestsperminute": [
  [
   1398327780.180198, 
   12
  ], 
  [
   1398327840.046565, 
   7
  ], 
  [
   1398327900.760096, 
   3
  ], 
  [
   1398327960.597647, 
   0
  ], 
  [
   1398328020.461796, 
   8
  ]
 ]
}