{
 "/system/notifications": [
  [
   1398326248.069164, 
   "System Initialized"
  ]
 ], 
 "/system/perf/FPS": [
  [
   1398326280.499442, 
   23.85
  ]
 ], 
 "/system/perf/memuse": [
  [
   1398326280.512611, 
   0.615
  ]
 ], 
 "/system/perf/requestsperminute": [
  [
   1398326280.499763, 
   9
  ]
 ]
}