{
 "/system/notifications": [
  [
   1399256893.869127, 
   "System Initialized"
  ]
 ], 
 "/system/perf/FPS": [
  [
   1399256940.35996, 
   23.9
  ]
 ], 
 "/system/perf/memuse": [
  [
   1399256940.36816, 
   0.574
  ]
 ], 
 "/system/perf/requestsperminute": [
  [
   1399257000.2137, 
   2.0
  ]
 ]
}