{
 "/system/notifications": [
  [
   1399255949.413521, 
   "System Initialized"
  ]
 ], 
 "/system/perf/FPS": [
  [
   1399255980.096527, 
   23.9
  ]
 ], 
 "/system/perf/memuse": [
  [
   1399255980.116355, 
   0.548
  ]
 ], 
 "/system/perf/requestsperminute": [
  [
   1399255980.096653, 
   2.6
  ]
 ]
}