{
 "/system/notifications": [
  [
   1399595019.674636, 
   "System Initialized"
  ]
 ], 
 "/system/perf/FPS": [
  [
   1399595040.638136, 
   23.9
  ], 
  [
   1399595700.179558, 
   23.89
  ]
 ], 
 "/system/perf/memuse": [
  [
   1399595040.64854, 
   0.728
  ], 
  [
   1399595700.180519, 
   0.718
  ]
 ], 
 "/system/perf/requestsperminute": [
  [
   1399595640.373915, 
   1.4
  ]
 ]
}