{
 "/system/notifications": [
  [
   1401093787.821116, 
   "System Initialized"
  ], 
  [
   1401093798.772966, 
   "User admin modified resource Time Widget of module Widgets"
  ], 
  [
   1401093836.737837, 
   "User admin modified resource Time Widget of module Widgets"
  ], 
  [
   1401093947.600049, 
   "User admin modified resource Time Widget of module Widgets"
  ], 
  [
   1401094045.389352, 
   "User admin modified resource Time Widget of module Widgets"
  ], 
  [
   1401094199.222534, 
   "User admin modified resource widget of module Widgets"
  ], 
  [
   1401094725.810085, 
   "User admin modified resource Time Widget of module Widgets"
  ], 
  [
   1401094932.23693, 
   "User admin modified resource Time Widget of module Widgets"
  ], 
  [
   1401094974.583593, 
   "User admin modified resource Time Widget of module Widgets"
  ], 
  [
   1401095126.522456, 
   "User admin modified resource Time Widget of module Widgets"
  ], 
  [
   1401095157.177115, 
   "User admin modified resource Time Widget of module Widgets"
  ], 
  [
   1401096945.895957, 
   "User admin modified resource Time Widget of module Widgets"
  ], 
  [
   1401097112.048964, 
   "User admin modified resource Time Widget of module Widgets"
  ], 
  [
   1401097262.827094, 
   "User admin modified resource Time Widget of module Widgets"
  ]
 ], 
 "/system/perf/FPS": [
  [
   1401093840.408934, 
   23.87
  ], 
  [
   1401094500.156189, 
   23.81
  ], 
  [
   1401095160.760198, 
   23.88
  ], 
  [
   1401095820.599667, 
   23.86
  ], 
  [
   1401096420.804339, 
   23.88
  ], 
  [
   1401097080.002239, 
   23.89
  ]
 ], 
 "/system/perf/memuse": [
  [
   1401093840.464345, 
   0.844
  ], 
  [
   1401093900.315826, 
   0.849
  ], 
  [
   1401093960.11032, 
   0.841
  ], 
  [
   1401094020.755554, 
   0.85
  ], 
  [
   1401094080.531778, 
   0.856
  ], 
  [
   1401094140.356192, 
   0.845
  ], 
  [
   1401094200.155263, 
   0.877
  ], 
  [
   1401094260.865195, 
   0.875
  ], 
  [
   1401094320.632165, 
   0.843
  ], 
  [
   1401094380.419217, 
   0.85
  ], 
  [
   1401094440.281413, 
   0.848
  ], 
  [
   1401094500.156271, 
   0.856
  ], 
  [
   1401094560.015023, 
   0.85
  ], 
  [
   1401094620.756655, 
   0.851
  ], 
  [
   1401094680.54337, 
   0.852
  ], 
  [
   1401094740.371563, 
   0.857
  ], 
  [
   1401094800.136369, 
   0.857
  ], 
  [
   1401094860.789966, 
   0.874
  ], 
  [
   1401094920.567658, 
   0.873
  ], 
  [
   1401094980.364511, 
   0.876
  ], 
  [
   1401095040.229741, 
   0.866
  ], 
  [
   1401095100.080102, 
   0.877
  ], 
  [
   1401095160.760711, 
   0.882
  ], 
  [
   1401095220.192261, 
   0.876
  ], 
  [
   1401095280.306508, 
   0.864
  ], 
  [
   1401095340.052013, 
   0.874
  ], 
  [
   1401095400.871252, 
   0.879
  ], 
  [
   1401095460.744706, 
   0.829
  ], 
  [
   1401095520.526016, 
   0.84
  ], 
  [
   1401095580.320655, 
   0.858
  ], 
  [
   1401095640.165557, 
   0.858
  ], 
  [
   1401095700.004344, 
   0.859
  ], 
  [
   1401095760.738916, 
   0.859
  ], 
  [
   1401095820.601101, 
   0.859
  ], 
  [
   1401095880.458938, 
   0.859
  ], 
  [
   1401095940.324357, 
   0.859
  ], 
  [
   1401096000.161049, 
   0.859
  ], 
  [
   1401096060.023761, 
   0.86
  ], 
  [
   1401096120.652339, 
   0.856
  ], 
  [
   1401096180.51091, 
   0.856
  ], 
  [
   1401096240.363726, 
   0.857
  ], 
  [
   1401096300.222207, 
   0.857
  ], 
  [
   1401096360.061319, 
   0.857
  ], 
  [
   1401096420.805236, 
   0.857
  ], 
  [
   1401096480.660502, 
   0.857
  ], 
  [
   1401096540.497602, 
   0.857
  ], 
  [
   1401096600.330079, 
   0.857
  ], 
  [
   1401096660.180203, 
   0.857
  ], 
  [
   1401096720.036132, 
   0.857
  ], 
  [
   1401096780.718286, 
   0.869
  ], 
  [
   1401096840.562008, 
   0.864
  ], 
  [
   1401096900.394398, 
   0.864
  ], 
  [
   1401096960.303631, 
   0.872
  ], 
  [
   1401097020.174048, 
   0.878
  ], 
  [
   1401097080.002972, 
   0.876
  ], 
  [
   1401097140.694945, 
   0.876
  ], 
  [
   1401097200.512556, 
   0.879
  ], 
  [
   1401097260.326993, 
   0.882
  ]
 ], 
 "/system/perf/requestsperminute": [
  [
   1401093840.40942, 
   3.3
  ], 
  [
   1401094500.156235, 
   4.3
  ], 
  [
   1401095160.760257, 
   5.0
  ], 
  [
   1401095820.599781, 
   2.0
  ], 
  [
   1401096960.302675, 
   1.0
  ]
 ]
}