{
 "/system/notifications": [
  [
   1401346670.244775, 
   "Global server state was saved to disk"
  ], 
  [
   1401346872.464847, 
   "User admin modified resource Make Widget Demos of module Widgets"
  ], 
  [
   1401346924.477465, 
   "User admin modified resource Make Widget Demos of module Widgets"
  ], 
  [
   1401346941.616822, 
   "User admin modified resource Button Demo of module Widgets"
  ]
 ], 
 "/system/perf/FPS": [
  [
   1401346920.154741, 
   23.87
  ]
 ], 
 "/system/perf/memuse": [
  [
   1401346920.155995, 
   0.641
  ]
 ], 
 "/system/perf/requestsperminute": [
  [
   1401346920.154863, 
   324.8
  ]
 ]
}