{
 "/system/notifications": [
  [
   1401346241.436183, 
   "System Initialized"
  ], 
  [
   1401346304.721832, 
   "User admin added resource Button Demo of type page to module Widgets"
  ], 
  [
   1401346358.510182, 
   "User admin modified resource widget of module Widgets"
  ], 
  [
   1401346363.828981, 
   "User admin deleted resource Poop from module Widgets"
  ], 
  [
   1401346372.455893, 
   "User admin deleted resource Button from module Widgets"
  ], 
  [
   1401346379.457976, 
   "User admin deleted resource button from module Widgets"
  ], 
  [
   1401346444.081778, 
   "User admin modified resource Button Demo of module Widgets"
  ], 
  [
   1401346638.407805, 
   "User admin modified resource Button Demo of module Widgets"
  ]
 ], 
 "/system/perf/FPS": [
  [
   1401346260.646513, 
   23.86
  ]
 ], 
 "/system/perf/memuse": [
  [
   1401346260.665751, 
   0.706
  ]
 ], 
 "/system/perf/requestsperminute": [
  [
   1401346260.653151, 
   0.1
  ]
 ]
}