{
 "/system/notifications": [
  [
   1401097419.366836, 
   "System Initialized"
  ], 
  [
   1401097593.298035, 
   "User admin modified resource Time Widget of module Widgets"
  ]
 ], 
 "/system/perf/FPS": [
  [
   1401097440.375889, 
   23.88
  ]
 ], 
 "/system/perf/memuse": [
  [
   1401097440.407569, 
   0.889
  ], 
  [
   1401097500.174859, 
   0.883
  ], 
  [
   1401097560.871708, 
   0.893
  ], 
  [
   1401097620.685703, 
   0.895
  ], 
  [
   1401097680.513587, 
   0.861
  ], 
  [
   1401097740.317264, 
   0.868
  ], 
  [
   1401097800.104314, 
   0.877
  ], 
  [
   1401097860.817483, 
   0.877
  ], 
  [
   1401097920.735191, 
   0.867
  ]
 ], 
 "/system/perf/requestsperminute": [
  [
   1401097440.376243, 
   2.3
  ]
 ]
}