{
 "/system/notifications": [
  [
   1401165611.402402, 
   "System Initialized"
  ], 
  [
   1401165630.279639, 
   "User admin added resource Poop of type event to module Widgets"
  ], 
  [
   1401165728.87778, 
   "User admin modified resource Poop of module Widgets"
  ], 
  [
   1401165740.846359, 
   "User admin added resource fortune of type page to module Widgets"
  ], 
  [
   1401165756.653992, 
   "User admin modified resource fortune of module Widgets"
  ], 
  [
   1401165837.621794, 
   "User admin modified resource fortune of module Widgets"
  ], 
  [
   1401165847.9727, 
   "User admin modified resource fortune of module Widgets"
  ]
 ], 
 "/system/perf/FPS": [
  [
   1401165660.551634, 
   23.88
  ]
 ], 
 "/system/perf/memuse": [
  [
   1401165660.56423, 
   0.666
  ]
 ], 
 "/system/perf/requestsperminute": [
  [
   1401165660.551907, 
   1.0
  ]
 ]
}