{
 "/system/notifications": [
  [
   1401093194.90081, 
   "System Initialized"
  ], 
  [
   1401093258.048054, 
   "User admin modified resource Time Widget of module Widgets"
  ], 
  [
   1401093313.981944, 
   "User admin modified resource Time Widget of module Widgets"
  ], 
  [
   1401093351.68245, 
   "User admin modified resource Time Widget of module Widgets"
  ], 
  [
   1401093438.911418, 
   "User admin modified resource Time Widget of module Widgets"
  ]
 ], 
 "/system/perf/FPS": [
  [
   1401093240.25075, 
   23.88
  ]
 ], 
 "/system/perf/memuse": [
  [
   1401093240.35034, 
   0.81
  ], 
  [
   1401093300.149283, 
   0.809
  ], 
  [
   1401093360.798248, 
   0.812
  ], 
  [
   1401093420.549652, 
   0.803
  ], 
  [
   1401093480.328328, 
   0.804
  ]
 ], 
 "/system/perf/requestsperminute": [
  [
   1401093240.2511, 
   2.5
  ]
 ]
}