{
 "/system/notifications": [
  [
   1401424859.352363, 
   "System Initialized"
  ], 
  [
   1401424894.574355, 
   "User admin modified resource Slider of module Widgets"
  ]
 ], 
 "/system/perf/FPS": [
  [
   1401424860.044758, 
   8.5
  ]
 ], 
 "/system/perf/memuse": [
  [
   1401424860.058871, 
   0.695
  ]
 ]
}