{
 "/system/notifications": [
  [
   1401505592.150563, 
   "Global server state was saved to disk"
  ]
 ], 
 "/system/perf/FPS": [
  [
   1401505980.25675, 
   23.78
  ], 
  [
   1401506580.420955, 
   23.79
  ], 
  [
   1401507240.291614, 
   23.78
  ], 
  [
   1401507900.070095, 
   23.8
  ], 
  [
   1401508500.242755, 
   23.66
  ], 
  [
   1401509160.064527, 
   23.88
  ], 
  [
   1401509760.269504, 
   23.88
  ]
 ], 
 "/system/perf/memuse": [
  [
   1401505680.3558, 
   0.687
  ], 
  [
   1401506280.641374, 
   0.791
  ], 
  [
   1401506400.187661, 
   0.804
  ], 
  [
   1401506460.350567, 
   0.806
  ], 
  [
   1401506520.383148, 
   0.809
  ], 
  [
   1401507120.469335, 
   0.766
  ], 
  [
   1401507600.470785, 
   0.837
  ], 
  [
   1401507660.359904, 
   0.847
  ], 
  [
   1401507720.252248, 
   0.847
  ], 
  [
   1401507780.160383, 
   0.849
  ], 
  [
   1401507840.05155, 
   0.85
  ], 
  [
   1401507900.071678, 
   0.813
  ], 
  [
   1401507960.061029, 
   0.819
  ], 
  [
   1401508020.163343, 
   0.819
  ], 
  [
   1401508080.195365, 
   0.816
  ], 
  [
   1401508140.324344, 
   0.836
  ], 
  [
   1401508200.336212, 
   0.827
  ], 
  [
   1401508260.309712, 
   0.833
  ], 
  [
   1401508320.167399, 
   0.838
  ], 
  [
   1401508920.539705, 
   0.762
  ], 
  [
   1401509580.817742, 
   0.76
  ]
 ], 
 "/system/perf/requestsperminute": [
  [
   1401505980.257104, 
   1528.4
  ], 
  [
   1401506580.42107, 
   1982.1
  ], 
  [
   1401507240.291793, 
   1384.2
  ], 
  [
   1401507900.070223, 
   317.3
  ], 
  [
   1401508500.242874, 
   960.4
  ], 
  [
   1401509160.064702, 
   2003.3
  ], 
  [
   1401509760.269708, 
   125.2
  ]
 ]
}