{
 "/system/notifications": [
  [
   1401764240.639109, 
   "System Initialized"
  ], 
  [
   1401764592.622392, 
   "User admin Deleted module Lights"
  ]
 ], 
 "/system/perf/FPS": [
  [
   1401764280.058637, 
   23.85
  ]
 ], 
 "/system/perf/memuse": [
  [
   1401764280.076516, 
   0.486
  ]
 ], 
 "/system/perf/requestsperminute": [
  [
   1401764280.058757, 
   19.6
  ]
 ]
}