{
 "/system/notifications": [
  [
   1401165922.852073, 
   "System Initialized"
  ], 
  [
   1401165956.50541, 
   "User admin modified resource Poop of module Widgets"
  ], 
  [
   1401166003.17652, 
   "User admin modified resource Poop of module Widgets"
  ]
 ], 
 "/system/perf/FPS": [
  [
   1401165960.535843, 
   23.88
  ]
 ], 
 "/system/perf/memuse": [
  [
   1401165960.553916, 
   0.679
  ]
 ], 
 "/system/perf/requestsperminute": [
  [
   1401165960.536105, 
   1.1
  ]
 ]
}