{
 "/system/notifications": [
  [
   1401351438.41865, 
   "System Initialized"
  ], 
  [
   1401351557.297881, 
   "User admin modified resource Make Widget Demos of module Widgets"
  ], 
  [
   1401351567.584152, 
   "User admin added resource Meter of type page to module Widgets"
  ], 
  [
   1401351604.042024, 
   "User admin modified resource Meter of module Widgets"
  ], 
  [
   1401351659.851638, 
   "User admin modified resource Meter of module Widgets"
  ]
 ], 
 "/system/perf/FPS": [
  [
   1401351480.513859, 
   23.87
  ]
 ], 
 "/system/perf/memuse": [
  [
   1401351480.532297, 
   0.594
  ]
 ], 
 "/system/perf/requestsperminute": [
  [
   1401351480.513982, 
   1.6
  ]
 ]
}