{
 "/system/notifications": [
  [
   1401353747.415385, 
   "System Initialized"
  ], 
  [
   1401353830.475176, 
   "User admin modified resource Meter of module Widgets"
  ]
 ], 
 "/system/perf/FPS": [
  [
   1401353760.464097, 
   23.78
  ]
 ], 
 "/system/perf/memuse": [
  [
   1401353760.477334, 
   0.65
  ]
 ], 
 "/system/perf/requestsperminute": [
  [
   1401353760.464275, 
   25.2
  ]
 ]
}