{
 "/system/notifications": [
  [
   1401502191.276664, 
   "System Initialized"
  ], 
  [
   1401502616.016741, 
   "User admin modified resource Setup of module Lights"
  ], 
  [
   1401502669.464923, 
   "User admin modified resource Setup of module Lights"
  ], 
  [
   1401502769.093156, 
   "User admin modified resource Setup of module Lights"
  ], 
  [
   1401504490.948046, 
   "User admin modified resource Setup of module Lights"
  ], 
  [
   1401504777.199772, 
   "User admin modified resource Setup of module Lights"
  ], 
  [
   1401505014.925299, 
   "User admin modified resource Setup of module Lights"
  ], 
  [
   1401505368.51948, 
   "User admin modified resource Setup of module Lights"
  ]
 ], 
 "/system/perf/FPS": [
  [
   1401502200.265364, 
   23.61
  ], 
  [
   1401502860.033276, 
   23.86
  ], 
  [
   1401503460.501089, 
   23.88
  ], 
  [
   1401504060.693803, 
   23.87
  ], 
  [
   1401504720.185489, 
   23.88
  ], 
  [
   1401505320.787207, 
   23.87
  ]
 ], 
 "/system/perf/memuse": [
  [
   1401502200.354594, 
   0.858
  ], 
  [
   1401502260.257796, 
   0.86
  ], 
  [
   1401502320.107438, 
   0.864
  ], 
  [
   1401502380.844423, 
   0.866
  ], 
  [
   1401502440.72866, 
   0.861
  ], 
  [
   1401502500.624923, 
   0.864
  ], 
  [
   1401502560.476703, 
   0.891
  ], 
  [
   1401502620.3846, 
   0.885
  ], 
  [
   1401502680.286507, 
   0.888
  ], 
  [
   1401502740.225707, 
   0.886
  ], 
  [
   1401502800.192835, 
   0.888
  ], 
  [
   1401502860.034783, 
   0.888
  ], 
  [
   1401502920.747079, 
   0.882
  ], 
  [
   1401502980.249635, 
   0.878
  ], 
  [
   1401503040.05483, 
   0.821
  ], 
  [
   1401503700.789968, 
   0.764
  ], 
  [
   1401504360.827448, 
   0.758
  ], 
  [
   1401505020.488455, 
   0.737
  ]
 ], 
 "/system/perf/requestsperminute": [
  [
   1401502200.265486, 
   4.6
  ], 
  [
   1401502860.033859, 
   256.3
  ], 
  [
   1401503460.501502, 
   6.0
  ], 
  [
   1401504060.693923, 
   6.0
  ], 
  [
   1401504720.185594, 
   148.2
  ], 
  [
   1401505320.787575, 
   303.6
  ]
 ]
}