{
 "/system/notifications": [
  [
   1401166070.38483, 
   "System Initialized"
  ], 
  [
   1401166096.189176, 
   "User admin modified resource Poop of module Widgets"
  ], 
  [
   1401166105.857244, 
   "User admin modified resource Poop of module Widgets"
  ]
 ], 
 "/system/perf/FPS": [
  [
   1401166080.855402, 
   23.75
  ]
 ], 
 "/system/perf/memuse": [
  [
   1401166080.861431, 
   0.71
  ]
 ], 
 "/system/perf/requestsperminute": [
  [
   1401166080.855716, 
   1.7
  ]
 ]
}