{
 "/system/notifications": [
  [
   1401491331.93366, 
   "System Initialized"
  ], 
  [
   1401491476.886041, 
   "User admin modified resource Make Widget Demos of module Widgets"
  ], 
  [
   1401491502.303716, 
   "User admin modified resource Make Widget Demos of module Widgets"
  ], 
  [
   1401499425.658433, 
   "User admin Created Module Lights"
  ], 
  [
   1401499437.793084, 
   "User admin added resource Setup of type event to module Lights"
  ], 
  [
   1401499603.318718, 
   "User admin modified resource Setup of module Lights"
  ], 
  [
   1401499613.160303, 
   "User admin added resource Consol of type page to module Lights"
  ], 
  [
   1401499615.281509, 
   "User admin modified resource Consol of module Lights"
  ], 
  [
   1401499716.265712, 
   "User admin modified resource Setup of module Lights"
  ], 
  [
   1401499753.423157, 
   "User admin modified resource Console of module Lights"
  ], 
  [
   1401499759.956503, 
   "User admin modified resource Console of module Lights"
  ], 
  [
   1401499810.226759, 
   "User admin modified resource Console of module Lights"
  ], 
  [
   1401500723.097739, 
   "User admin modified resource Setup of module Lights"
  ], 
  [
   1401500960.493922, 
   "User admin modified resource Setup of module Lights"
  ], 
  [
   1401501320.771883, 
   "User admin modified resource Setup of module Lights"
  ], 
  [
   1401501634.68666, 
   "User admin modified resource Setup of module Lights"
  ], 
  [
   1401501763.637015, 
   "User admin modified resource Setup of module Lights"
  ], 
  [
   1401501907.468792, 
   "User admin modified resource Setup of module Lights"
  ], 
  [
   1401502042.381002, 
   "User admin modified resource Setup of module Lights"
  ], 
  [
   1401502060.760445, 
   "User admin modified resource Console of module Lights"
  ], 
  [
   1401502078.623267, 
   "User admin modified resource Console of module Lights"
  ]
 ], 
 "/system/perf/FPS": [
  [
   1401491340.37065, 
   23.54
  ], 
  [
   1401491940.652366, 
   23.87
  ], 
  [
   1401492600.327049, 
   23.83
  ], 
  [
   1401493260.103392, 
   23.84
  ], 
  [
   1401493860.416629, 
   23.86
  ], 
  [
   1401494460.814777, 
   23.84
  ], 
  [
   1401495060.853578, 
   23.87
  ], 
  [
   1401495720.247049, 
   23.87
  ], 
  [
   1401496320.63963, 
   23.87
  ], 
  [
   1401496980.0073, 
   23.85
  ], 
  [
   1401497580.327548, 
   23.86
  ], 
  [
   1401498180.759563, 
   23.87
  ], 
  [
   1401498840.092874, 
   23.87
  ], 
  [
   1401499440.430081, 
   23.85
  ], 
  [
   1401500040.64402, 
   23.9
  ], 
  [
   1401500700.482998, 
   23.84
  ], 
  [
   1401501300.715881, 
   23.89
  ], 
  [
   1401501960.003128, 
   23.87
  ]
 ], 
 "/system/perf/memuse": [
  [
   1401491340.384437, 
   0.395
  ], 
  [
   1401491940.653406, 
   0.415
  ], 
  [
   1401492600.328034, 
   0.483
  ], 
  [
   1401493260.104345, 
   0.543
  ], 
  [
   1401493860.417266, 
   0.631
  ], 
  [
   1401494460.815912, 
   0.657
  ], 
  [
   1401495060.854789, 
   0.708
  ], 
  [
   1401495720.248946, 
   0.73
  ], 
  [
   1401496320.640681, 
   0.706
  ], 
  [
   1401496980.008318, 
   0.707
  ], 
  [
   1401497580.328752, 
   0.706
  ], 
  [
   1401498180.76037, 
   0.716
  ], 
  [
   1401498840.093514, 
   0.712
  ], 
  [
   1401499440.430943, 
   0.716
  ], 
  [
   1401500040.645021, 
   0.808
  ], 
  [
   1401500100.458611, 
   0.804
  ], 
  [
   1401500160.258218, 
   0.806
  ], 
  [
   1401500220.035735, 
   0.807
  ], 
  [
   1401500400.412092, 
   0.805
  ], 
  [
   1401500460.271312, 
   0.807
  ], 
  [
   1401500520.081321, 
   0.81
  ], 
  [
   1401500580.81001, 
   0.807
  ], 
  [
   1401500640.605188, 
   0.823
  ], 
  [
   1401501000.152706, 
   0.81
  ], 
  [
   1401501060.202667, 
   0.834
  ], 
  [
   1401501120.212589, 
   0.821
  ], 
  [
   1401501420.679031, 
   0.802
  ], 
  [
   1401501480.67814, 
   0.806
  ], 
  [
   1401501600.424603, 
   0.801
  ], 
  [
   1401501660.296082, 
   0.802
  ], 
  [
   1401501720.347027, 
   0.802
  ], 
  [
   1401501780.238521, 
   0.804
  ], 
  [
   1401501840.273135, 
   0.807
  ], 
  [
   1401501900.159715, 
   0.805
  ], 
  [
   1401501960.003579, 
   0.806
  ], 
  [
   1401502020.722099, 
   0.818
  ], 
  [
   1401502080.613384, 
   0.803
  ]
 ], 
 "/system/perf/requestsperminute": [
  [
   1401491460.122806, 
   15.4
  ], 
  [
   1401492060.359595, 
   732.8
  ], 
  [
   1401492720.124623, 
   295.8
  ], 
  [
   1401493320.845475, 
   550.6
  ], 
  [
   1401493980.078474, 
   9.0
  ], 
  [
   1401494580.59525, 
   6.0
  ], 
  [
   1401495240.379476, 
   6.6
  ], 
  [
   1401495840.829617, 
   5.9
  ], 
  [
   1401496500.242884, 
   6.6
  ], 
  [
   1401497100.608216, 
   6.0
  ], 
  [
   1401497760.837197, 
   6.6
  ], 
  [
   1401498420.205675, 
   6.6
  ], 
  [
   1401499020.564078, 
   5.9
  ], 
  [
   1401499620.862634, 
   10.8
  ], 
  [
   1401500280.743701, 
   95.1
  ], 
  [
   1401500940.18872, 
   114.8
  ], 
  [
   1401501540.554254, 
   735.8
  ]
 ]
}