{
 "/system/notifications": [
  [
   1401427060.888034, 
   "System Initialized"
  ], 
  [
   1401427145.100246, 
   "User admin modified resource Slider of module Widgets"
  ]
 ], 
 "/system/perf/FPS": [
  [
   1401427080.129861, 
   23.85
  ]
 ], 
 "/system/perf/memuse": [
  [
   1401427080.149747, 
   0.72
  ]
 ], 
 "/system/perf/requestsperminute": [
  [
   1401427080.130184, 
   21.7
  ]
 ]
}