{
 "/system/notifications": [
  [
   1401087000.435403, 
   "System Initialized"
  ], 
  [
   1401087211.944583, 
   "User admin modified resource Time Widget of module Widgets"
  ], 
  [
   1401087391.0681, 
   "User admin modified resource Time Widget of module Widgets"
  ]
 ], 
 "/system/perf/FPS": [
  [
   1401087000.291297, 
   0.31
  ], 
  [
   1401087660.064131, 
   23.87
  ]
 ], 
 "/system/perf/memuse": [
  [
   1401087000.310575, 
   0.812
  ], 
  [
   1401087060.14069, 
   0.832
  ], 
  [
   1401087120.863268, 
   0.826
  ], 
  [
   1401087180.688384, 
   0.815
  ], 
  [
   1401087240.446359, 
   0.812
  ], 
  [
   1401087300.218432, 
   0.815
  ], 
  [
   1401087360.014582, 
   0.816
  ], 
  [
   1401087420.651267, 
   0.813
  ], 
  [
   1401087480.516423, 
   0.815
  ], 
  [
   1401087540.374789, 
   0.815
  ], 
  [
   1401087600.219311, 
   0.815
  ], 
  [
   1401087660.064901, 
   0.811
  ], 
  [
   1401087720.77751, 
   0.813
  ]
 ], 
 "/system/perf/requestsperminute": [
  [
   1401087060.140075, 
   3.8
  ], 
  [
   1401087720.776365, 
   4.3
  ]
 ]
}