{
 "/system/notifications": [
  [
   1401424151.310495, 
   "System Initialized"
  ], 
  [
   1401424224.5997, 
   "User admin modified resource Make Widget Demos of module Widgets"
  ], 
  [
   1401424234.273292, 
   "User admin added resource Slider of type page to module Widgets"
  ], 
  [
   1401424258.985561, 
   "User admin modified resource Slider of module Widgets"
  ], 
  [
   1401424268.103412, 
   "User admin modified resource Slider of module Widgets"
  ]
 ], 
 "/system/perf/FPS": [
  [
   1401424200.477675, 
   23.85
  ]
 ], 
 "/system/perf/memuse": [
  [
   1401424200.495988, 
   0.689
  ]
 ], 
 "/system/perf/requestsperminute": [
  [
   1401424200.478334, 
   2.4
  ]
 ]
}