{
 "/system/notifications": [
  [
   1402702975.408653, 
   "System Initialized"
  ], 
  [
   1402703048.095196, 
   "User admin modified resource Make Widget Demos of module Widgets"
  ], 
  [
   1402703063.116361, 
   "User admin added resource Text Display of type page to module Widgets"
  ], 
  [
   1402703082.853601, 
   "User admin modified resource Text Display of module Widgets"
  ], 
  [
   1402703090.768837, 
   "User admin modified resource Text Display of module Widgets"
  ]
 ], 
 "/system/perf/FPS": [
  [
   1402702980.54177, 
   22.06
  ]
 ], 
 "/system/perf/memuse": [
  [
   1402702980.577942, 
   0.829
  ], 
  [
   1402703040.390476, 
   0.828
  ], 
  [
   1402703100.257483, 
   0.826
  ]
 ], 
 "/system/perf/requestsperminute": [
  [
   1402702980.541888, 
   0.9
  ]
 ]
}