{
 "/system/notifications": [
  [
   1402722736.218284, 
   "System Initialized"
  ], 
  [
   1402722804.615614, 
   "User admin modified resource Make Widget Demos of module Widgets"
  ], 
  [
   1402722830.21734, 
   "User admin modified resource Text Display of module Widgets"
  ]
 ], 
 "/system/perf/FPS": [
  [
   1402722780.020776, 
   23.88
  ]
 ], 
 "/system/perf/memuse": [
  [
   1402722780.036645, 
   0.655
  ]
 ], 
 "/system/perf/requestsperminute": [
  [
   1402722780.024756, 
   2.9
  ]
 ]
}