{
 "/system/notifications": [
  [
   1403928776.304253, 
   "Global server state was saved to disk"
  ]
 ], 
 "/system/perf/FPS": [
  [
   1403929320.26222, 
   23.87
  ], 
  [
   1403929980.75277, 
   23.87
  ], 
  [
   1403930640.786843, 
   23.86
  ], 
  [
   1403931300.1818, 
   23.88
  ]
 ], 
 "/system/perf/memuse": [
  [
   1403929320.263131, 
   0.645
  ], 
  [
   1403929980.754076, 
   0.7
  ], 
  [
   1403930640.788266, 
   0.689
  ], 
  [
   1403931300.183213, 
   0.719
  ]
 ], 
 "/system/perf/requestsperminute": [
  [
   1403929320.26237, 
   423.4
  ], 
  [
   1403929980.752902, 
   131.8
  ], 
  [
   1403930640.786923, 
   132.0
  ], 
  [
   1403931300.181889, 
   596.8
  ]
 ]
}