{
 "/system/notifications": [
  [
   1403928638.023785, 
   "System Initialized"
  ], 
  [
   1403928679.082725, 
   "User admin Deleted module JookBawkse"
  ], 
  [
   1403928691.136987, 
   "User admin uploaded moduleJookBawkse from a zip file"
  ], 
  [
   1403928743.683723, 
   "User admin modified resource Sound of module Examples"
  ]
 ], 
 "/system/perf/FPS": [
  [
   1403928660.65356, 
   23.82
  ]
 ], 
 "/system/perf/memuse": [
  [
   1403928660.676643, 
   0.632
  ]
 ], 
 "/system/perf/requestsperminute": [
  [
   1403928660.65373, 
   6.7
  ]
 ]
}