{
 "/system/notifications": [
  [
   1403932559.044963, 
   "System Initialized"
  ], 
  [
   1403932915.49521, 
   "User admin modified resource No Sound Playing of module JookBawkse"
  ]
 ], 
 "/system/perf/FPS": [
  [
   1403932560.467316, 
   13.72
  ]
 ], 
 "/system/perf/memuse": [
  [
   1403932560.473087, 
   0.693
  ]
 ], 
 "/system/perf/requestsperminute": [
  [
   1403932560.467507, 
   0.5
  ]
 ]
}