{
 "/system/notifications": [
  [
   1403934641.481005, 
   "System Initialized"
  ]
 ], 
 "/system/perf/FPS": [
  [
   1403934660.60365, 
   23.88
  ]
 ], 
 "/system/perf/memuse": [
  [
   1403934660.628709, 
   0.709
  ]
 ], 
 "/system/perf/requestsperminute": [
  [
   1403934660.603776, 
   0.2
  ]
 ]
}