{
 "/system/notifications": [
  [
   1403931793.657626, 
   "Global server state was saved to disk"
  ], 
  [
   1403931842.978631, 
   "User admin added resource mtf of type page to module JookBawkse"
  ], 
  [
   1403931881.857544, 
   "User admin modified resource mtf of module JookBawkse"
  ], 
  [
   1403931918.021026, 
   "User admin modified resource Menu of module JookBawkse"
  ]
 ], 
 "/system/perf/FPS": [
  [
   1403931960.458155, 
   23.54
  ]
 ], 
 "/system/perf/memuse": [
  [
   1403931960.458781, 
   0.709
  ]
 ], 
 "/system/perf/requestsperminute": [
  [
   1403931960.458196, 
   1949.4
  ]
 ]
}