{
 "/system/notifications": [
  [
   1403923352.637569, 
   "System Initialized"
  ], 
  [
   1403923366.207419, 
   "User admin added resource Pause of type page to module JookBawkse"
  ], 
  [
   1403923385.518784, 
   "User admin modified resource Pause of module JookBawkse"
  ]
 ], 
 "/system/perf/FPS": [
  [
   1403923380.582784, 
   23.9
  ]
 ], 
 "/system/perf/memuse": [
  [
   1403923380.596499, 
   0.565
  ]
 ], 
 "/system/perf/requestsperminute": [
  [
   1403923380.58284, 
   3.1
  ]
 ]
}