{
 "/system/notifications": [
  [
   1404789825.161899, 
   "System Initialized"
  ], 
  [
   1404790800.086686, 
   "User admin modified resource Menu of module JookBawkse"
  ], 
  [
   1404790839.061499, 
   "User admin modified resource Menu of module JookBawkse"
  ], 
  [
   1404790848.720039, 
   "User admin modified resource Menu of module JookBawkse"
  ], 
  [
   1404790886.394725, 
   "User admin modified resource Menu of module JookBawkse"
  ], 
  [
   1404790897.805662, 
   "User admin modified resource Menu of module JookBawkse"
  ], 
  [
   1404790924.596322, 
   "User admin modified resource Menu of module JookBawkse"
  ], 
  [
   1404790933.337584, 
   "User admin modified resource Menu of module JookBawkse"
  ], 
  [
   1404790962.271296, 
   "User admin modified resource Menu of module JookBawkse"
  ], 
  [
   1404790969.42198, 
   "User admin modified resource Menu of module JookBawkse"
  ], 
  [
   1404790979.177871, 
   "User admin modified resource Menu of module JookBawkse"
  ], 
  [
   1404791021.886893, 
   "User admin modified resource mtf of module JookBawkse"
  ], 
  [
   1404791027.835626, 
   "User admin modified resource Pause of module JookBawkse"
  ], 
  [
   1404791033.509957, 
   "User admin modified resource Remove of module JookBawkse"
  ], 
  [
   1404791051.030498, 
   "User admin modified resource Play of module JookBawkse"
  ]
 ], 
 "/system/perf/FPS": [
  [
   1404789840.689949, 
   23.87
  ], 
  [
   1404790440.725866, 
   23.84
  ]
 ], 
 "/system/perf/memuse": [
  [
   1404789840.703207, 
   0.611
  ], 
  [
   1404790440.727084, 
   0.654
  ]
 ], 
 "/system/perf/requestsperminute": [
  [
   1404789840.690414, 
   0.8
  ], 
  [
   1404790440.725953, 
   13.1
  ]
 ]
}