{
 "/system/notifications": [
  [
   1409529214.526049, 
   "Global server state was saved to disk"
  ], 
  [
   1409529228.706113, 
   "User admin modified resource Set Media Location of module JookBawkse"
  ]
 ], 
 "/system/perf/FPS": [
  [
   1409529240.254406, 
   23.89
  ]
 ], 
 "/system/perf/requestsperminute": [
  [
   1409529240.255004, 
   472.2
  ]
 ]
}