{
 "/system/notifications": [
  [
   1409528586.038033, 
   "System Initialized"
  ], 
  [
   1409528601.562382, 
   "User admin deleted resource test from module JookBawkse"
  ], 
  [
   1409528666.402653, 
   "User admin modified resource Menu of module JookBawkse"
  ]
 ], 
 "/system/perf/FPS": [
  [
   1409528640.243766, 
   23.87
  ]
 ], 
 "/system/perf/memuse": [
  [
   1409528640.297435, 
   0.571
  ]
 ], 
 "/system/perf/requestsperminute": [
  [
   1409528640.25099, 
   4.2
  ]
 ]
}