{
 "/system/notifications": [
  [
   1410135263.0993137, 
   "System Initialized"
  ], 
  [
   1410135295.5102625, 
   "User admin uploaded moduleSimple Chat Notepad from a zip file"
  ], 
  [
   1410135412.2033076, 
   "User admin modified resource Notepad of module Simple Chat Notepad"
  ], 
  [
   1410135447.6072347, 
   "User admin modified resource Notepad of module Simple Chat Notepad"
  ], 
  [
   1410135459.7153873, 
   "User admin modified resource Setup of module Simple Chat Notepad"
  ], 
  [
   1410135469.6460104, 
   "User admin modified resource Notepad of module Simple Chat Notepad"
  ], 
  [
   1410135654.6832132, 
   "User admin Deleted module Simple Chat Notepad"
  ], 
  [
   1410135713.5437756, 
   "User admin uploaded moduleSimple Chat Notepad from a zip file"
  ], 
  [
   1410135724.4407313, 
   "User admin Deleted module Simple Chat Notepad"
  ], 
  [
   1410135739.7031968, 
   "User admin Deleted module Simple Chat Notepad"
  ]
 ], 
 "/system/perf/FPS": [
  [
   1410135300.7596843, 
   23.87
  ]
 ], 
 "/system/perf/memuse": [
  [
   1410135300.7695804, 
   0.618
  ]
 ], 
 "/system/perf/requestsperminute": [
  [
   1410135300.7598836, 
   5.1
  ]
 ]
}