{
 "/system/notifications": [
  [
   1421145871.6739378, 
   "System Initialized"
  ]
 ], 
 "/system/perf/FPS": [
  [
   1421145901.0186462, 
   23.86
  ]
 ], 
 "/system/perf/memuse": [
  [
   1421145901.0185072, 
   0.58
  ]
 ], 
 "/system/perf/requestsperminute": [
  [
   1421145901.001836, 
   0.3
  ]
 ]
}