{
 "/system/notifications": [
  [
   1422932884.995936, 
   "System Initialized"
  ], 
  [
   1422934366.797535, 
   "User admin modified resource Slider of module Widgets"
  ], 
  [
   1422934423.831986, 
   "User admin modified resource Slider of module Widgets"
  ], 
  [
   1422934438.188997, 
   "User admin modified resource Slider of module Widgets"
  ]
 ], 
 "/system/perf/FPS": [
  [
   1422932940.041764, 
   35.82
  ], 
  [
   1422933000.009227, 
   37.41
  ], 
  [
   1422933060.004522, 
   40.82
  ], 
  [
   1422933120.02048, 
   35.51
  ], 
  [
   1422933180.014307, 
   39.02
  ], 
  [
   1422933240.005214, 
   42.78
  ], 
  [
   1422933300.011754, 
   33.92
  ], 
  [
   1422933360.017407, 
   33.78
  ], 
  [
   1422933420.015293, 
   36.33
  ], 
  [
   1422933480.012464, 
   35.61
  ], 
  [
   1422933540.029987, 
   36.92
  ], 
  [
   1422933600.009064, 
   41.95
  ], 
  [
   1422933660.011057, 
   42.6
  ], 
  [
   1422933720.008308, 
   43.02
  ], 
  [
   1422933780.011572, 
   38.43
  ], 
  [
   1422933840.032269, 
   40.53
  ], 
  [
   1422933900.010461, 
   40.67
  ], 
  [
   1422933960.001496, 
   41.52
  ], 
  [
   1422934020.006718, 
   36.54
  ], 
  [
   1422934080.005348, 
   37.48
  ], 
  [
   1422934140.021854, 
   39.4
  ], 
  [
   1422934200.004231, 
   32.04
  ], 
  [
   1422934260.005158, 
   36.36
  ], 
  [
   1422934320.014902, 
   38.11
  ], 
  [
   1422934380.005594, 
   38.68
  ], 
  [
   1422934440.005987, 
   35.2
  ]
 ], 
 "/system/perf/memuse": [
  [
   1422932940.041715, 
   0.586
  ], 
  [
   1422933600.009038, 
   0.609
  ], 
  [
   1422934260.005108, 
   0.645
  ]
 ], 
 "/system/perf/requestsperminute": [
  [
   1422934260.005049, 
   3
  ]
 ]
}