{
 "/system/notifications": [
  [
   1423802110.516798, 
   "System Initialized"
  ], 
  [
   1423802491.051609, 
   "User admin modified resource Initialize of module JookBawkse"
  ], 
  [
   1423802527.498881, 
   "User admin modified resource No Sound Playing of module JookBawkse"
  ]
 ], 
 "/system/perf/FPS": [
  [
   1423802160.015229, 
   46.96
  ], 
  [
   1423802220.014749, 
   49.62
  ], 
  [
   1423802280.011942, 
   51.22
  ], 
  [
   1423802340.009534, 
   49.54
  ], 
  [
   1423802400.040932, 
   49.24
  ], 
  [
   1423802460.020068, 
   43.33
  ], 
  [
   1423802520.006863, 
   51.45
  ]
 ], 
 "/system/perf/memuse": [
  [
   1423802160.015175, 
   0.734
  ]
 ], 
 "/system/perf/requestsperminute": [
  [
   1423802160.004903, 
   5
  ]
 ]
}