{
 "/system/notifications": [
  [
   1423634446.9396167, 
   "System Initialized"
  ], 
  [
   1423634561.9741173, 
   "User admin Deleted module JookBawkse"
  ], 
  [
   1423634567.5543797, 
   "User admin uploaded moduleJookBawkse from a zip file"
  ], 
  [
   1423634603.2065828, 
   "User admin deleted resource NextSongButton from module JookBawkse"
  ], 
  [
   1423634614.1690607, 
   "User admin deleted resource Voldown from module JookBawkse"
  ], 
  [
   1423634628.7780704, 
   "User admin deleted resource Volup from module JookBawkse"
  ], 
  [
   1423634649.8056743, 
   "User admin deleted resource BeagleBoneAudio from module JookBawkse"
  ], 
  [
   1423634705.3798764, 
   "User admin modified resource No Sound Playing of module JookBawkse"
  ], 
  [
   1423634849.9660792, 
   "User admin modified resource No Sound Playing of module JookBawkse"
  ], 
  [
   1423634927.2103636, 
   "User admin modified resource Pause of module JookBawkse"
  ], 
  [
   1423634966.2133179, 
   "User admin modified resource No Sound Playing of module JookBawkse"
  ], 
  [
   1423634993.3729498, 
   "User admin modified resource No Sound Playing of module JookBawkse"
  ], 
  [
   1423635021.8858316, 
   "User admin modified resource Menu of module JookBawkse"
  ], 
  [
   1423635068.7122788, 
   "User admin modified resource Initialize of module JookBawkse"
  ], 
  [
   1423635107.1303415, 
   "User admin modified resource Stop of module JookBawkse"
  ], 
  [
   1423635422.3047793, 
   "User admin modified resource No Sound Playing of module JookBawkse"
  ], 
  [
   1423635453.915207, 
   "User admin modified resource No Sound Playing of module JookBawkse"
  ], 
  [
   1423635495.6108315, 
   "User admin modified resource Stop of module JookBawkse"
  ]
 ], 
 "/system/perf/FPS": [
  [
   1423634461.029442, 
   58.53
  ], 
  [
   1423635121.006841, 
   58.28
  ], 
  [
   1423635781.0105782, 
   58.32
  ]
 ], 
 "/system/perf/memuse": [
  [
   1423634461.028891, 
   0.663
  ], 
  [
   1423635121.0067534, 
   0.701
  ], 
  [
   1423635781.0105135, 
   0.703
  ]
 ], 
 "/system/perf/requestsperminute": [
  [
   1423634461.0024552, 
   3.0
  ], 
  [
   1423635121.0009286, 
   49.0
  ], 
  [
   1423635781.0104356, 
   37.2
  ]
 ]
}