{
 "/system/notifications": [
  [
   1423807582.015667, 
   "Global server state was saved to disk"
  ], 
  [
   1423807829.470433, 
   "User admin modified resource Menu of module JookBawkse"
  ], 
  [
   1423807947.477401, 
   "User admin modified resource Initialize of module JookBawkse"
  ]
 ], 
 "/system/perf/FPS": [
  [
   1423807620.006484, 
   52.58
  ], 
  [
   1423807680.006649, 
   52.18
  ], 
  [
   1423807740.011596, 
   49.74
  ], 
  [
   1423807800.003706, 
   48.87
  ], 
  [
   1423807860.040468, 
   53.13
  ], 
  [
   1423807920.004423, 
   46.6
  ], 
  [
   1423807980.00396, 
   47.22
  ], 
  [
   1423808040.003368, 
   48.53
  ]
 ], 
 "/system/perf/memuse": [
  [
   1423807980.003908, 
   0.772
  ]
 ], 
 "/system/perf/requestsperminute": [
  [
   1423807980.003844, 
   39
  ]
 ]
}