{
 "/system/notifications": [
  [
   1423641382.5550714, 
   "System Initialized"
  ], 
  [
   1423641442.4076257, 
   "User admin modified resource Initialize of module JookBawkse"
  ]
 ], 
 "/system/perf/FPS": [
  [
   1423641421.0244074, 
   58.65
  ]
 ], 
 "/system/perf/memuse": [
  [
   1423641421.024246, 
   0.697
  ]
 ], 
 "/system/perf/requestsperminute": [
  [
   1423641421.0020878, 
   2.3
  ]
 ]
}