{
 "/system/notifications": [
  [
   1423804491.10496, 
   "System Initialized"
  ], 
  [
   1423804545.3476, 
   "User admin added resource SavePL of type page to module JookBawkse"
  ], 
  [
   1423804799.238405, 
   "User admin modified resource SavePL of module JookBawkse"
  ], 
  [
   1423804890.446993, 
   "User admin modified resource SavePL of module JookBawkse"
  ], 
  [
   1423804907.427186, 
   "User admin added resource LoadPlaylist of type page to module JookBawkse"
  ], 
  [
   1423805258.812562, 
   "User admin modified resource LoadPlaylist of module JookBawkse"
  ], 
  [
   1423805284.589479, 
   "User admin modified resource LoadPlaylist of module JookBawkse"
  ], 
  [
   1423805424.987876, 
   "User admin modified resource LoadPlaylist of module JookBawkse"
  ], 
  [
   1423805438.757544, 
   "User admin modified resource LoadPlaylist of module JookBawkse"
  ], 
  [
   1423805530.866675, 
   "User admin modified resource Menu of module JookBawkse"
  ], 
  [
   1423805542.743294, 
   "User admin modified resource Menu of module JookBawkse"
  ], 
  [
   1423805598.917984, 
   "User admin modified resource LoadPlaylist of module JookBawkse"
  ], 
  [
   1423805613.685105, 
   "User admin modified resource LoadPlaylist of module JookBawkse"
  ]
 ], 
 "/system/perf/FPS": [
  [
   1423804500.027347, 
   43.79
  ], 
  [
   1423804560.028965, 
   42.04
  ], 
  [
   1423804620.007335, 
   45.47
  ], 
  [
   1423804680.020914, 
   51.87
  ], 
  [
   1423804740.009908, 
   46.9
  ], 
  [
   1423804800.023075, 
   44.94
  ], 
  [
   1423804860.013429, 
   50.24
  ], 
  [
   1423804920.027118, 
   46.0
  ], 
  [
   1423804980.014559, 
   52.67
  ], 
  [
   1423805040.005677, 
   48.13
  ], 
  [
   1423805100.009941, 
   44.19
  ], 
  [
   1423805160.007214, 
   44.19
  ], 
  [
   1423805220.003173, 
   51.3
  ], 
  [
   1423805280.0056, 
   51.78
  ], 
  [
   1423805340.019416, 
   46.24
  ], 
  [
   1423805400.014034, 
   52.14
  ], 
  [
   1423805460.005737, 
   50.85
  ], 
  [
   1423805520.004558, 
   48.14
  ], 
  [
   1423805580.011915, 
   48.89
  ], 
  [
   1423805640.007297, 
   50.47
  ], 
  [
   1423805700.005906, 
   46.18
  ], 
  [
   1423805760.028144, 
   46.27
  ], 
  [
   1423805820.024799, 
   51.83
  ], 
  [
   1423805880.009342, 
   46.49
  ], 
  [
   1423805940.020386, 
   50.86
  ], 
  [
   1423806000.003327, 
   47.18
  ]
 ], 
 "/system/perf/memuse": [
  [
   1423804500.027254, 
   0.707
  ], 
  [
   1423805160.001865, 
   0.72
  ], 
  [
   1423805760.02812, 
   0.729
  ]
 ], 
 "/system/perf/requestsperminute": [
  [
   1423804500.017499, 
   1
  ], 
  [
   1423805100.009881, 
   15
  ], 
  [
   1423805760.028091, 
   28
  ]
 ]
}