{
 "/system/notifications": [
  [
   1423807305.14586, 
   "System Initialized"
  ], 
  [
   1423807562.374641, 
   "User admin modified resource No Sound Playing of module JookBawkse"
  ]
 ], 
 "/system/perf/FPS": [
  [
   1423807320.022894, 
   48.7
  ], 
  [
   1423807380.009866, 
   49.87
  ], 
  [
   1423807440.004795, 
   48.68
  ], 
  [
   1423807500.004974, 
   46.32
  ], 
  [
   1423807560.015866, 
   45.19
  ]
 ], 
 "/system/perf/memuse": [
  [
   1423807320.022788, 
   0.755
  ]
 ], 
 "/system/perf/requestsperminute": [
  [
   1423807320.007947, 
   2
  ]
 ]
}