{
 "/system/notifications": [
  [
   1423800077.333531, 
   "System Initialized"
  ], 
  [
   1423800104.681805, 
   "User admin modified resource Initialize of module JookBawkse"
  ], 
  [
   1423800149.499086, 
   "User admin modified resource No Sound Playing of module JookBawkse"
  ], 
  [
   1423800291.372714, 
   "User admin modified resource Menu of module JookBawkse"
  ], 
  [
   1423800315.558424, 
   "User admin modified resource Menu of module JookBawkse"
  ]
 ], 
 "/system/perf/FPS": [
  [
   1423800120.031274, 
   49.03
  ], 
  [
   1423800240.008042, 
   55.26
  ], 
  [
   1423800300.033276, 
   40.78
  ], 
  [
   1423800360.007323, 
   49.01
  ]
 ], 
 "/system/perf/memuse": [
  [
   1423800120.031232, 
   0.709
  ]
 ], 
 "/system/perf/requestsperminute": [
  [
   1423800120.01222, 
   4
  ]
 ]
}