{
 "/system/notifications": [
  [
   1423797226.26585, 
   "Global server state was saved to disk"
  ]
 ], 
 "/system/perf/FPS": [
  [
   1423797240.029818, 
   43.9
  ], 
  [
   1423797300.010127, 
   42.76
  ]
 ]
}