{
 "/system/notifications": [
  [
   1423801578.774782, 
   "Global server state was saved to disk"
  ], 
  [
   1423801723.104375, 
   "User admin modified resource Initialize of module JookBawkse"
  ]
 ], 
 "/system/perf/FPS": [
  [
   1423801620.005912, 
   50.16
  ], 
  [
   1423801680.013709, 
   46.97
  ], 
  [
   1423801740.007321, 
   50.97
  ], 
  [
   1423801800.005953, 
   48.51
  ]
 ]
}