{
 "/system/notifications": [
  [
   1423795406.504283, 
   "System Initialized"
  ], 
  [
   1423795464.822159, 
   "User admin modified resource Initialize of module JookBawkse"
  ], 
  [
   1423795497.910427, 
   "User admin modified resource Menu of module JookBawkse"
  ], 
  [
   1423795531.987278, 
   "User admin modified resource No Sound Playing of module JookBawkse"
  ]
 ], 
 "/system/perf/FPS": [
  [
   1423795440.024384, 
   48.08
  ], 
  [
   1423795500.004741, 
   49.53
  ], 
  [
   1423795560.009631, 
   44.26
  ]
 ], 
 "/system/perf/memuse": [
  [
   1423795440.024573, 
   0.66
  ]
 ], 
 "/system/perf/requestsperminute": [
  [
   1423795440.005971, 
   2
  ]
 ]
}