{
 "/system/notifications": [
  [
   1423638351.0983083, 
   "System Initialized"
  ], 
  [
   1423638474.322634, 
   "User admin Deleted module JookBawkse"
  ], 
  [
   1423638479.6477635, 
   "User admin uploaded moduleJookBawkse from a zip file"
  ], 
  [
   1423638511.8803236, 
   "User admin modified resource Menu of module JookBawkse"
  ], 
  [
   1423638652.9645722, 
   "User admin modified resource Initialize of module JookBawkse"
  ], 
  [
   1423638663.848115, 
   "User admin added resource Rescan of type page to module JookBawkse"
  ], 
  [
   1423638686.361081, 
   "User admin modified resource Rescan of module JookBawkse"
  ], 
  [
   1423638716.0214357, 
   "User admin modified resource Initialize of module JookBawkse"
  ], 
  [
   1423638736.8484416, 
   "User admin modified resource Menu of module JookBawkse"
  ], 
  [
   1423638749.6869318, 
   "User admin modified resource Menu of module JookBawkse"
  ], 
  [
   1423638776.855402, 
   "User admin modified resource Menu of module JookBawkse"
  ], 
  [
   1423638795.4491599, 
   "User admin modified resource Menu of module JookBawkse"
  ], 
  [
   1423638843.5626924, 
   "User admin modified resource Menu of module JookBawkse"
  ], 
  [
   1423638854.6363354, 
   "User admin modified resource Menu of module JookBawkse"
  ], 
  [
   1423638892.0131907, 
   "User admin modified resource Set Media Location of module JookBawkse"
  ], 
  [
   1423638970.6316817, 
   "User admin modified resource Menu of module JookBawkse"
  ], 
  [
   1423638984.3749194, 
   "User admin modified resource Menu of module JookBawkse"
  ], 
  [
   1423638991.20733, 
   "User admin modified resource Menu of module JookBawkse"
  ], 
  [
   1423638996.9036782, 
   "User admin modified resource Menu of module JookBawkse"
  ], 
  [
   1423639056.7157018, 
   "User admin modified resource Initialize of module JookBawkse"
  ], 
  [
   1423639136.397316, 
   "User admin modified resource Initialize of module JookBawkse"
  ]
 ], 
 "/system/perf/FPS": [
  [
   1423638361.0229697, 
   59.07
  ], 
  [
   1423639021.007796, 
   58.62
  ]
 ], 
 "/system/perf/memuse": [
  [
   1423638361.0229092, 
   0.72
  ], 
  [
   1423639021.0077393, 
   0.668
  ]
 ], 
 "/system/perf/requestsperminute": [
  [
   1423638361.010358, 
   0.1
  ], 
  [
   1423639021.0076718, 
   41.2
  ]
 ]
}