{
 "/system/notifications": [
  [
   1423806134.166646, 
   "System Initialized"
  ], 
  [
   1423806305.857727, 
   "User admin modified resource LoadPlaylist of module JookBawkse"
  ], 
  [
   1423806383.975347, 
   "User admin added resource /users/jookbawkse/use of type permission to module JookBawkse"
  ], 
  [
   1423806385.609273, 
   "User admin modified resource /users/jookbawkse/use of module JookBawkse"
  ], 
  [
   1423806402.307667, 
   "User admin modified resource mtf of module JookBawkse"
  ], 
  [
   1423806410.627841, 
   "User admin modified resource Stop of module JookBawkse"
  ], 
  [
   1423806418.123398, 
   "User admin modified resource Set Media Location of module JookBawkse"
  ], 
  [
   1423806436.374146, 
   "User admin modified resource SavePL of module JookBawkse"
  ], 
  [
   1423806446.719165, 
   "User admin modified resource Resume of module JookBawkse"
  ], 
  [
   1423806455.741964, 
   "User admin modified resource Rescan of module JookBawkse"
  ], 
  [
   1423806464.287382, 
   "User admin modified resource Remove of module JookBawkse"
  ], 
  [
   1423806472.713855, 
   "User admin modified resource Play of module JookBawkse"
  ], 
  [
   1423806482.040603, 
   "User admin modified resource Pause of module JookBawkse"
  ], 
  [
   1423806491.300407, 
   "User admin modified resource Menu of module JookBawkse"
  ], 
  [
   1423806504.588842, 
   "User admin modified resource LoadPlaylist of module JookBawkse"
  ], 
  [
   1423806774.321811, 
   "User admin modified resource Initialize of module JookBawkse"
  ], 
  [
   1423806837.274721, 
   "User admin added resource /users/jookbawkse/view of type permission to module JookBawkse"
  ], 
  [
   1423806838.596463, 
   "User admin modified resource /users/jookbawkse/view of module JookBawkse"
  ]
 ], 
 "/system/perf/FPS": [
  [
   1423806180.031352, 
   41.63
  ], 
  [
   1423806240.011272, 
   50.22
  ], 
  [
   1423806300.010988, 
   47.75
  ], 
  [
   1423806360.005887, 
   44.71
  ], 
  [
   1423806420.006015, 
   50.83
  ], 
  [
   1423806480.012863, 
   51.14
  ], 
  [
   1423806540.012584, 
   51.4
  ], 
  [
   1423806600.043928, 
   48.89
  ], 
  [
   1423806660.020571, 
   43.23
  ], 
  [
   1423806720.012907, 
   46.85
  ], 
  [
   1423806780.005992, 
   48.4
  ], 
  [
   1423806840.011202, 
   49.8
  ]
 ], 
 "/system/perf/memuse": [
  [
   1423806180.031304, 
   0.718
  ], 
  [
   1423806840.011153, 
   0.726
  ]
 ], 
 "/system/perf/requestsperminute": [
  [
   1423806180.0062, 
   3
  ], 
  [
   1423806840.011081, 
   41
  ]
 ]
}