{
 "/system/notifications": [
  [
   1423794387.780782, 
   "System Initialized"
  ], 
  [
   1423794419.750474, 
   "User admin modified resource Initialize of module JookBawkse"
  ]
 ], 
 "/system/perf/FPS": [
  [
   1423794420.034775, 
   48.78
  ]
 ], 
 "/system/perf/memuse": [
  [
   1423794420.034725, 
   0.68
  ]
 ], 
 "/system/perf/requestsperminute": [
  [
   1423794420.007649, 
   2
  ]
 ]
}