{
 "/system/notifications": [
  [
   1423793219.652649, 
   "System Initialized"
  ], 
  [
   1423793335.698358, 
   "User admin modified resource Remove of module JookBawkse"
  ], 
  [
   1423793459.374564, 
   "User admin modified resource Play of module JookBawkse"
  ], 
  [
   1423793475.831464, 
   "User admin modified resource Play of module JookBawkse"
  ], 
  [
   1423793563.164427, 
   "User admin modified resource Play of module JookBawkse"
  ], 
  [
   1423793579.585955, 
   "User admin modified resource Play of module JookBawkse"
  ], 
  [
   1423793607.927879, 
   "User admin modified resource Play of module JookBawkse"
  ], 
  [
   1423793637.644688, 
   "User admin modified resource Menu of module JookBawkse"
  ], 
  [
   1423793747.039527, 
   "User admin modified resource No Sound Playing of module JookBawkse"
  ], 
  [
   1423793764.427897, 
   "User admin modified resource Initialize of module JookBawkse"
  ], 
  [
   1423793791.731895, 
   "User admin modified resource Play of module JookBawkse"
  ], 
  [
   1423793921.278153, 
   "User admin modified resource Initialize of module JookBawkse"
  ], 
  [
   1423793948.221801, 
   "User admin modified resource Initialize of module JookBawkse"
  ]
 ], 
 "/system/perf/FPS": [
  [
   1423793280.018581, 
   46.34
  ], 
  [
   1423793340.019005, 
   46.22
  ], 
  [
   1423793400.007094, 
   51.91
  ], 
  [
   1423793460.019523, 
   50.54
  ], 
  [
   1423793520.007327, 
   52.14
  ], 
  [
   1423793580.005167, 
   50.65
  ], 
  [
   1423793640.005742, 
   46.18
  ], 
  [
   1423793700.01215, 
   47.71
  ], 
  [
   1423793760.028941, 
   46.9
  ], 
  [
   1423793820.020598, 
   41.42
  ], 
  [
   1423793880.008959, 
   49.25
  ], 
  [
   1423793940.004274, 
   48.55
  ]
 ], 
 "/system/perf/memuse": [
  [
   1423793280.018317, 
   0.636
  ], 
  [
   1423793940.0042, 
   0.633
  ]
 ], 
 "/system/perf/requestsperminute": [
  [
   1423793280.004577, 
   2
  ], 
  [
   1423793880.00888, 
   33
  ]
 ]
}