{
 "/system/notifications": [
  [
   1423801367.926091, 
   "System Initialized"
  ], 
  [
   1423801405.416177, 
   "User admin modified resource Menu of module JookBawkse"
  ], 
  [
   1423801574.625826, 
   "User admin modified resource No Sound Playing of module JookBawkse"
  ]
 ], 
 "/system/perf/FPS": [
  [
   1423801380.015196, 
   48.17
  ], 
  [
   1423801440.00311, 
   47.65
  ], 
  [
   1423801500.007172, 
   40.71
  ], 
  [
   1423801560.03198, 
   47.36
  ]
 ], 
 "/system/perf/memuse": [
  [
   1423801380.015149, 
   0.726
  ]
 ], 
 "/system/perf/requestsperminute": [
  [
   1423801380.005958, 
   1
  ]
 ]
}